#timestamp[ns],filename
1741366090650722083,1741366090650722083.png
1741366090717170083,1741366090717170083.png
1741366090817180083,1741366090817180083.png
1741366090917141083,1741366090917141083.png
1741366090984019083,1741366090984019083.png
1741366091084022083,1741366091084022083.png
1741366091150532083,1741366091150532083.png
1741366091217407083,1741366091217407083.png
1741366091284038083,1741366091284038083.png
1741366091384037083,1741366091384037083.png
1741366091450532083,1741366091450532083.png
1741366091517430083,1741366091517430083.png
1741366091617527083,1741366091617527083.png
1741366091684012083,1741366091684012083.png
1741366091750786083,1741366091750786083.png
1741366091817419083,1741366091817419083.png
1741366091883994083,1741366091883994083.png
1741366091950837083,1741366091950837083.png
1741366092017416083,1741366092017416083.png
1741366092083938083,1741366092083938083.png
1741366092150793083,1741366092150793083.png
1741366092217501083,1741366092217501083.png
1741366092284131083,1741366092284131083.png
1741366092350817083,1741366092350817083.png
1741366092450794083,1741366092450794083.png
1741366092550846083,1741366092550846083.png
1741366092617309083,1741366092617309083.png
1741366092684182083,1741366092684182083.png
1741366092750800083,1741366092750800083.png
1741366092884262083,1741366092884262083.png
1741366092917352083,1741366092917352083.png
1741366093017509083,1741366093017509083.png
1741366093117640083,1741366093117640083.png
1741366093184266083,1741366093184266083.png
1741366093350766083,1741366093350766083.png
1741366093450684083,1741366093450684083.png
1741366093584219083,1741366093584219083.png
1741366093650867083,1741366093650867083.png
1741366093750942083,1741366093750942083.png
1741366093851027083,1741366093851027083.png
1741366093917645083,1741366093917645083.png
1741366093984160083,1741366093984160083.png
1741366094117653083,1741366094117653083.png
1741366094184135083,1741366094184135083.png
1741366094250950083,1741366094250950083.png
1741366094351038083,1741366094351038083.png
1741366094417458083,1741366094417458083.png
1741366094484318083,1741366094484318083.png
1741366094584320083,1741366094584320083.png
1741366094617461083,1741366094617461083.png
1741366094684423083,1741366094684423083.png
1741366094750943083,1741366094750943083.png
1741366094817451083,1741366094817451083.png
1741366094884326083,1741366094884326083.png
1741366094950943083,1741366094950943083.png
1741366095017585083,1741366095017585083.png
1741366095084339083,1741366095084339083.png
1741366095150817083,1741366095150817083.png
1741366095217781083,1741366095217781083.png
1741366095284416083,1741366095284416083.png
1741366095350822083,1741366095350822083.png
1741366095417772083,1741366095417772083.png
1741366095517697083,1741366095517697083.png
1741366095584327083,1741366095584327083.png
1741366095650823083,1741366095650823083.png
1741366095717706083,1741366095717706083.png
1741366095784269083,1741366095784269083.png
1741366095884269083,1741366095884269083.png
1741366095951104083,1741366095951104083.png
1741366096017776083,1741366096017776083.png
1741366096084283083,1741366096084283083.png
1741366096151115083,1741366096151115083.png
1741366096217782083,1741366096217782083.png
1741366096317681083,1741366096317681083.png
1741366096384401083,1741366096384401083.png
1741366096451104083,1741366096451104083.png
1741366096517599083,1741366096517599083.png
1741366096584495083,1741366096584495083.png
1741366096651057083,1741366096651057083.png
1741366096751058083,1741366096751058083.png
1741366096817557083,1741366096817557083.png
1741366096884435083,1741366096884435083.png
1741366096951053083,1741366096951053083.png
1741366097050930083,1741366097050930083.png
1741366097117810083,1741366097117810083.png
1741366097184545083,1741366097184545083.png
1741366097250928083,1741366097250928083.png
1741366097317893083,1741366097317893083.png
1741366097417842083,1741366097417842083.png
1741366097484522083,1741366097484522083.png
1741366097550930083,1741366097550930083.png
1741366097650947083,1741366097650947083.png
1741366097717800083,1741366097717800083.png
1741366097784311083,1741366097784311083.png
1741366097884337083,1741366097884337083.png
1741366097951287083,1741366097951287083.png
1741366098017816083,1741366098017816083.png
1741366098084304083,1741366098084304083.png
1741366098151224083,1741366098151224083.png
1741366098217892083,1741366098217892083.png
1741366098317802083,1741366098317802083.png
1741366098384504083,1741366098384504083.png
1741366098451171083,1741366098451171083.png
1741366098517667083,1741366098517667083.png
1741366098584533083,1741366098584533083.png
1741366098651183083,1741366098651183083.png
1741366098717666083,1741366098717666083.png
1741366098784558083,1741366098784558083.png
1741366098851175083,1741366098851175083.png
1741366098917674083,1741366098917674083.png
1741366098984623083,1741366098984623083.png
1741366099051181083,1741366099051181083.png
1741366099117800083,1741366099117800083.png
1741366099184628083,1741366099184628083.png
1741366099251044083,1741366099251044083.png
1741366099317928083,1741366099317928083.png
1741366099484612083,1741366099484612083.png
1741366099618004083,1741366099618004083.png
1741366099717908083,1741366099717908083.png
1741366099817930083,1741366099817930083.png
1741366099884415083,1741366099884415083.png
1741366099984409083,1741366099984409083.png
1741366100084410083,1741366100084410083.png
1741366100151285083,1741366100151285083.png
1741366100217914083,1741366100217914083.png
1741366100284415083,1741366100284415083.png
1741366100351388083,1741366100351388083.png
1741366100418012083,1741366100418012083.png
1741366100484757083,1741366100484757083.png
1741366100551372083,1741366100551372083.png
1741366100617785083,1741366100617785083.png
1741366100684658083,1741366100684658083.png
1741366100751282083,1741366100751282083.png
1741366100851380083,1741366100851380083.png
1741366100917781083,1741366100917781083.png
1741366101017928083,1741366101017928083.png
1741366101084742083,1741366101084742083.png
1741366101151262083,1741366101151262083.png
1741366101218056083,1741366101218056083.png
1741366101284742083,1741366101284742083.png
1741366101351237083,1741366101351237083.png
1741366101451236083,1741366101451236083.png
1741366101518119083,1741366101518119083.png
1741366101584736083,1741366101584736083.png
1741366101651238083,1741366101651238083.png
1741366101718133083,1741366101718133083.png
1741366101784543083,1741366101784543083.png
1741366101851398083,1741366101851398083.png
1741366101918030083,1741366101918030083.png
1741366101984532083,1741366101984532083.png
1741366102051425083,1741366102051425083.png
1741366102151393083,1741366102151393083.png
1741366102251487083,1741366102251487083.png
1741366102318023083,1741366102318023083.png
1741366102418042083,1741366102418042083.png
1741366102484739083,1741366102484739083.png
1741366102551479083,1741366102551479083.png
1741366102651414083,1741366102651414083.png
1741366102751411083,1741366102751411083.png
1741366102851396083,1741366102851396083.png
1741366102951391083,1741366102951391083.png
1741366103051392083,1741366103051392083.png
1741366103118027083,1741366103118027083.png
1741366103218143083,1741366103218143083.png
1741366103284765083,1741366103284765083.png
1741366103351261083,1741366103351261083.png
1741366103451261083,1741366103451261083.png
1741366103518142083,1741366103518142083.png
1741366103718153083,1741366103718153083.png
1741366103818140083,1741366103818140083.png
1741366103884637083,1741366103884637083.png
1741366103951601083,1741366103951601083.png
1741366104018152083,1741366104018152083.png
1741366104151502083,1741366104151502083.png
1741366104284653083,1741366104284653083.png
1741366104351526083,1741366104351526083.png
1741366104418143083,1741366104418143083.png
1741366104518102083,1741366104518102083.png
1741366104584886083,1741366104584886083.png
1741366104684887083,1741366104684887083.png
1741366104751498083,1741366104751498083.png
1741366104818036083,1741366104818036083.png
1741366104884899083,1741366104884899083.png
1741366104984888083,1741366104984888083.png
1741366105084884083,1741366105084884083.png
1741366105185002083,1741366105185002083.png
1741366105251376083,1741366105251376083.png
1741366105318369083,1741366105318369083.png
1741366105418262083,1741366105418262083.png
1741366105484892083,1741366105484892083.png
1741366105551388083,1741366105551388083.png
1741366105651467083,1741366105651467083.png
1741366105718282083,1741366105718282083.png
1741366105818334083,1741366105818334083.png
1741366105884770083,1741366105884770083.png
1741366105984769083,1741366105984769083.png
1741366106051635083,1741366106051635083.png
1741366106118248083,1741366106118248083.png
1741366106184777083,1741366106184777083.png
1741366106251627083,1741366106251627083.png
1741366106318246083,1741366106318246083.png
1741366106384793083,1741366106384793083.png
1741366106451619083,1741366106451619083.png
1741366106551625083,1741366106551625083.png
1741366106651622083,1741366106651622083.png
1741366106718121083,1741366106718121083.png
1741366106785020083,1741366106785020083.png
1741366106851629083,1741366106851629083.png
1741366106951624083,1741366106951624083.png
1741366107018123083,1741366107018123083.png
1741366107084993083,1741366107084993083.png
1741366107151620083,1741366107151620083.png
1741366107251502083,1741366107251502083.png
1741366107351521083,1741366107351521083.png
1741366107418399083,1741366107418399083.png
1741366107485076083,1741366107485076083.png
1741366107584983083,1741366107584983083.png
1741366107651498083,1741366107651498083.png
1741366107751491083,1741366107751491083.png
1741366107851613083,1741366107851613083.png
1741366107984861083,1741366107984861083.png
1741366108051742083,1741366108051742083.png
1741366108151736083,1741366108151736083.png
1741366108251737083,1741366108251737083.png
1741366108351826083,1741366108351826083.png
1741366108418445083,1741366108418445083.png
1741366108518401083,1741366108518401083.png
1741366108818256083,1741366108818256083.png
1741366108985225083,1741366108985225083.png
1741366109085243083,1741366109085243083.png
1741366109185195083,1741366109185195083.png
1741366109285200083,1741366109285200083.png
1741366109451597083,1741366109451597083.png
1741366109518478083,1741366109518478083.png
1741366109585105083,1741366109585105083.png
1741366109718465083,1741366109718465083.png
1741366109918473083,1741366109918473083.png
1741366110051847083,1741366110051847083.png
1741366110118466083,1741366110118466083.png
1741366110218462083,1741366110218462083.png
1741366110318466083,1741366110318466083.png
1741366110418469083,1741366110418469083.png
1741366110551850083,1741366110551850083.png
1741366110618344083,1741366110618344083.png
1741366110718345083,1741366110718345083.png
1741366110851845083,1741366110851845083.png
1741366110918364083,1741366110918364083.png
1741366111018343083,1741366111018343083.png
1741366111118347083,1741366111118347083.png
1741366111218342083,1741366111218342083.png
1741366111285218083,1741366111285218083.png
1741366111385216083,1741366111385216083.png
1741366111451721083,1741366111451721083.png
1741366111551720083,1741366111551720083.png
1741366111618587083,1741366111618587083.png
1741366111718586083,1741366111718586083.png
1741366111785216083,1741366111785216083.png
1741366111851756083,1741366111851756083.png
1741366111918589083,1741366111918589083.png
1741366111985097083,1741366111985097083.png
1741366112085085083,1741366112085085083.png
1741366112151961083,1741366112151961083.png
1741366112218592083,1741366112218592083.png
1741366112285088083,1741366112285088083.png
1741366112351960083,1741366112351960083.png
1741366112418585083,1741366112418585083.png
1741366112485089083,1741366112485089083.png
1741366112551967083,1741366112551967083.png
1741366112618456083,1741366112618456083.png
1741366112685337083,1741366112685337083.png
1741366112751960083,1741366112751960083.png
1741366112818458083,1741366112818458083.png
1741366112885349083,1741366112885349083.png
1741366112951956083,1741366112951956083.png
1741366113018465083,1741366113018465083.png
1741366113085332083,1741366113085332083.png
1741366113185341083,1741366113185341083.png
1741366113251976083,1741366113251976083.png
1741366113318588083,1741366113318588083.png
1741366113385332083,1741366113385332083.png
1741366113451922083,1741366113451922083.png
1741366113551829083,1741366113551829083.png
1741366113618762083,1741366113618762083.png
1741366113685412083,1741366113685412083.png
1741366113785329083,1741366113785329083.png
1741366113851823083,1741366113851823083.png
1741366113918703083,1741366113918703083.png
1741366114018699083,1741366114018699083.png
1741366114085199083,1741366114085199083.png
1741366114152076083,1741366114152076083.png
1741366114218710083,1741366114218710083.png
1741366114285213083,1741366114285213083.png
1741366114385206083,1741366114385206083.png
1741366114552172083,1741366114552172083.png
1741366114685396083,1741366114685396083.png
1741366114818661083,1741366114818661083.png
1741366114918573083,1741366114918573083.png
1741366114985447083,1741366114985447083.png
1741366115052079083,1741366115052079083.png
1741366115118571083,1741366115118571083.png
